{
  "sydney|Client dinner at Crown Sydney with 5 partners CROW": {
    "lat": -33.8688,
    "lon": 151.2093,
    "country": "",
    "country_code": "AU",
    "state": "New South Wales",
    "city": "Sydney",
    "type": "PPLA",
    "display_name": "Sydney, New South Wales, AU",
    "search_query": "SYDNEY",
    "source": "geonames_cities",
    "population": 5312163
  },
  "melbourne|Team meeting in Melbourne CBD THE GEORGE ON COLLIN": {
    "lat": -37.8136,
    "lon": 144.9631,
    "country": "",
    "country_code": "AU",
    "state": "Victoria",
    "city": "Melbourne",
    "type": "PPLA",
    "display_name": "Melbourne, Victoria, AU",
    "search_query": "Melbourne",
    "source": "geonames_cities",
    "population": 5078193
  },
  "brisbane|Flight to Brisbane for conference QANTAS AIRWAYS": {
    "lat": -27.4698,
    "lon": 153.0251,
    "country": "",
    "country_code": "AU",
    "state": "Queensland",
    "city": "Brisbane",
    "type": "PPLA",
    "display_name": "Brisbane, Queensland, AU",
    "search_query": "Brisbane",
    "source": "geonames_cities",
    "population": 2514184
  },
  "thailand|Dinner at thai restaurant THAI PALACE RESTAURANT": {
    "lat": 14.8971921,
    "lon": 100.83273,
    "country": "Thailand",
    "country_code": "TH",
    "state": "",
    "city": "",
    "type": "country",
    "display_name": "Thailand",
    "search_query": "Thailand",
    "source": "nominatim_country"
  },
  "colombo|Meeting at srilankan hotel COLOMBO GRAND HOTEL": {
    "lat": 6.9271,
    "lon": 79.8612,
    "country": "",
    "country_code": "LK",
    "state": "Western",
    "city": "Colombo",
    "type": "PPLC",
    "display_name": "Colombo, Western, LK",
    "search_query": "Colombo",
    "source": "geonames_cities",
    "population": 752993
  },
  "phillipines|Trip to phillipines for audit MANILA HOTEL": {
    "lat": 38.8897021,
    "lon": -77.0401536,
    "country": "United States",
    "country_code": "PH",
    "state": "",
    "city": "",
    "type": "country",
    "display_name": "Phillipines, Elm Walk, Downtown, Ward 2, Washington, District of Columbia, 20245, United States",
    "search_query": "phillipines",
    "source": "nominatim_country"
  },
  "copenhagen|Client dinner at Noma Copenhagen NOMA RESTAURANT": {
    "lat": 55.6761,
    "lon": 12.5683,
    "country": "",
    "country_code": "DK",
    "state": "Capital Region",
    "city": "Copenhagen",
    "type": "PPLC",
    "display_name": "Copenhagen, Capital Region, DK",
    "search_query": "Copenhagen",
    "source": "geonames_cities",
    "population": 1346485
  },
  "bangkok|Business dinner Gaggan Bangkok GAGGAN ANAND": {
    "lat": 13.7563,
    "lon": 100.5018,
    "country": "",
    "country_code": "TH",
    "state": "Bangkok",
    "city": "Bangkok",
    "type": "PPLC",
    "display_name": "Bangkok, Bangkok, TH",
    "search_query": "Bangkok",
    "source": "geonames_cities",
    "population": 10539000
  },
  "chicago|Meeting over dinner at Alinea Chicago ALINEA": {
    "lat": 41.8781,
    "lon": -87.6298,
    "country": "",
    "country_code": "US",
    "state": "Illinois",
    "city": "Chicago",
    "type": "PPL",
    "display_name": "Chicago, Illinois, US",
    "search_query": "Chicago",
    "source": "geonames_cities",
    "population": 8865000
  },
  "new york|VIP dinner Masa New York MASA NYC": {
    "lat": 40.7128,
    "lon": -74.006,
    "country": "",
    "country_code": "US",
    "state": "New York",
    "city": "New York",
    "type": "PPL",
    "display_name": "New York, New York, US",
    "search_query": "New York",
    "source": "geonames_cities",
    "population": 18713220
  },
  "france|Dinner at The French Cafe THE FRENCH CAFE": {
    "lat": 46.603354,
    "lon": 1.8883335,
    "country": "France",
    "country_code": "FR",
    "state": "",
    "city": "",
    "type": "country",
    "display_name": "France",
    "search_query": "France",
    "source": "nominatim_country"
  },
  "sydney|Meeting at China Club CHINA CLUB SYDNEY": {
    "lat": -33.8688,
    "lon": 151.2093,
    "country": "",
    "country_code": "AU",
    "state": "New South Wales",
    "city": "Sydney",
    "type": "PPLA",
    "display_name": "Sydney, New South Wales, AU",
    "search_query": "SYDNEY",
    "source": "geonames_cities",
    "population": 5312163
  },
  "sydney|Lunch at China Doll Sydney CHINA DOLL": {
    "lat": -33.8688,
    "lon": 151.2093,
    "country": "",
    "country_code": "AU",
    "state": "New South Wales",
    "city": "Sydney",
    "type": "PPLA",
    "display_name": "Sydney, New South Wales, AU",
    "search_query": "Sydney",
    "source": "geonames_cities",
    "population": 5312163
  },
  "london|Stay at The Savoy London THE SAVOY": {
    "lat": 51.5074,
    "lon": -0.1278,
    "country": "",
    "country_code": "GB",
    "state": "England",
    "city": "London",
    "type": "PPLC",
    "display_name": "London, England, GB",
    "search_query": "London",
    "source": "geonames_cities",
    "population": 8982000
  },
  "las vegas|Stay at Bellagio Las Vegas BELLAGIO LAS VEGAS": {
    "lat": 36.1699,
    "lon": -115.1398,
    "country": "",
    "country_code": "US",
    "state": "Nevada",
    "city": "Las Vegas",
    "type": "PPL",
    "display_name": "Las Vegas, Nevada, US",
    "search_query": "LAS VEGAS",
    "source": "geonames_cities",
    "population": 2266715
  },
  "paris|Meeting near Eiffel Tower Paris EIFFEL TOWER DININ": {
    "lat": 48.8566,
    "lon": 2.3522,
    "country": "",
    "country_code": "FR",
    "state": "Île-de-France",
    "city": "Paris",
    "type": "PPLC",
    "display_name": "Paris, Île-de-France, FR",
    "search_query": "Paris",
    "source": "geonames_cities",
    "population": 11017000
  },
  "seattle|Meeting at Amazon HQ Seattle AMAZON.COM INC": {
    "lat": 47.6062,
    "lon": -122.3321,
    "country": "",
    "country_code": "US",
    "state": "Washington",
    "city": "Seattle",
    "type": "PPL",
    "display_name": "Seattle, Washington, US",
    "search_query": "Seattle",
    "source": "geonames_cities",
    "population": 3489000
  },
  "cupertino|Visit to Apple Park Cupertino APPLE INC": {
    "lat": 37.323,
    "lon": -122.0322,
    "country": "",
    "country_code": "US",
    "state": "California",
    "city": "Cupertino",
    "type": "PPL",
    "display_name": "Cupertino, California, US",
    "search_query": "Cupertino",
    "source": "geonames_cities",
    "population": 60170
  },
  "antananarivo|Client meeting Antananarivo CARLTON ANTANANARIVO": {
    "lat": -18.8792,
    "lon": 47.5079,
    "country": "",
    "country_code": "MG",
    "state": "Analamanga",
    "city": "Antananarivo",
    "type": "PPLC",
    "display_name": "Antananarivo, Analamanga, MG",
    "search_query": "Antananarivo",
    "source": "geonames_cities",
    "population": 1275207
  },
  "potosí|Mine visit Potosí Bolivia POTOSI MINING CORP": {
    "lat": -19.5836,
    "lon": -65.7531,
    "country": "",
    "country_code": "BO",
    "state": "Potosí",
    "city": "Potosí",
    "type": "PPLA",
    "display_name": "Potosí, Potosí, BO",
    "search_query": "Potosí",
    "source": "geonames_cities",
    "population": 176022
  },
  "sri lanka|Christmas party Gampola and kandy Sri Lanka SRI LA": {
    "lat": 7.5554942,
    "lon": 80.7137847,
    "country": "Sri Lanka",
    "country_code": "LK",
    "state": "",
    "city": "",
    "type": "country",
    "display_name": "Sri Lanka",
    "search_query": "Sri Lanka",
    "source": "nominatim_country"
  }
}